Derogative word,"Explicit comparison to an animal, machine or non-human substance",Moral disgust or indifference,Extreme negative evaluation,Denial of prosocial values and communality,Deindividuated entitative perception,Denial of agency,Type,Examples
бандерорвцы,,1,,1,,,dehumanising ukrainians,
бендерорвцы,,1,,1,,,dehumanising ukrainians,
боевик,,,,1,,0.5,dehumanising ukrainians,
"враг, противник",,,1,,,,dehumanising ukrainians,
"враг, противник (with respect to a whole group)",,,1,,1,,dehumanising ukrainians,
всушник,,1,,,,,dehumanising ukrainians,
вфу,,1,,,,1,dehumanising ukrainians,
вышивaнка,,1,,,,,dehumanising ukrainians,
вышивaта,1,1,,,,,dehumanising ukrainians,
живая сила (противника),0.5,,,,1,,dehumanising ukrainians,
западэнцы,,1,,,,,dehumanising ukrainians,
вой,0.5,0.5,,,,,dehumanising ukrainians,
зверства,0.5,,,1,,,dehumanising ukrainians,
зе,,1,,,,,dehumanising ukrainians,
зсушник,,1,,,,,dehumanising ukrainians,
майданутый,,1,,,,1,dehumanising ukrainians,
майдаун,,1,,,,1,dehumanising ukrainians,
малороссия,,1,,,,0.5,dehumanising ukrainians,
марионеточный режим,,0.5,0.5,,,0.5,dehumanising ukrainians,
нацбат,,,,,,1,dehumanising ukrainians,
нацик,,1,1,1,,,dehumanising ukrainians,
националист,,,,,,0.5,dehumanising ukrainians,
нацист,,,1,1,,,dehumanising ukrainians,
нацэлементы,0.5,,,,1,0.5,dehumanising ukrainians,
ненька,,1,,,,,dehumanising ukrainians,
новороссия,,1,,,,1,dehumanising ukrainians,
правосек,,1,,,,,dehumanising ukrainians,
рагуля / рогуля,,1,,,,1,dehumanising ukrainians,
угил,,1,1,,,,dehumanising ukrainians,
укра,,1,,,,,dehumanising ukrainians,
укро…,,1,,,,,dehumanising ukrainians,
укроп,0.5,1,,,,1,dehumanising ukrainians,
укрфашист / укронацист,,1,1,1,1,,dehumanising ukrainians,
укры,,1,,,1,,dehumanising ukrainians,
хохлы,,1,,,,,dehumanising ukrainians,
ЦИПсО,,,,1,,,dehumanising ukrainians,
киевская клика,,,0.5,,,0.5,dehumanising ukrainians,
киевский/украинский режим,,,0.5,,,0.5,dehumanising ukrainians,
укрорейх,,1,1,1,1,,dehumanising ukrainians,
зверства,,0.5,,,1,,dehumanising russians,
Z-нацист,,,1,1,,,dehumanising russians,
Zапутинист / Zапутiнист,,1,1,,,,dehumanising russians,
zасранец,,1,1,,,,dehumanising russians,
zло,,,1,1,,,dehumanising russians,
абизяна,1,1,,1,,1,dehumanising russians,
вата,1,1,,1,1,1,dehumanising russians,
ватан,,1,,,,,dehumanising russians,
ватка,1,1,,1,1,1,dehumanising russians,
ватник,,1,,,,,dehumanising russians,
ввх,,1,,,,,dehumanising russians,
великороссийский / великоросийськi,,1,,,,,dehumanising russians,
великорусский / великоруськi,,1,,,,,dehumanising russians,
(подняли) вой,0.5,0.5,,,,,dehumanising russians,
"враг/ворог, противник",,,1,,,,dehumanising russians,
"враг/ворог, противник (with respect to a whole group)",,,1,,1,,dehumanising russians,
живая сила (противника),0.5,,,,1,,dehumanising russians,
кацап,,1,,,,,dehumanising russians,
макака,1,1,,1,,1,dehumanising russians,
мерZота,,1,1,,,,dehumanising russians,
мордор,1,1,1,1,1,1,dehumanising russians,
москаль,,1,,,,,dehumanising russians,
москвота,,1,,,1,1,dehumanising russians,
московит,,1,,,,,dehumanising russians,
московія,,1,,,,,dehumanising russians,
орда,,,1,,1,,dehumanising russians,
орк,1,1,1,1,,1,dehumanising russians,
путлер,,1,1,,,,dehumanising russians,
"раша, рашка",,1,,,,,dehumanising russians,
"рашист, рашизм",,1,1,1,1,,dehumanising russians,
русня,,1,,,1,,dehumanising russians,
свинособаки  / 🐷🐶,1,1,,1,,1,dehumanising russians,
свинья,1,1,,1,,1,dehumanising russians,
скоторосійський,1,1,1,1,1,1,dehumanising russians,
"скоторусы, свинораша",1,1,1,1,1,1,dehumanising russians,
фашиzм,,,1,1,,,dehumanising russians,
фашист,,,1,1,,,dehumanising russians,
ху*ло,,0.5,0.5,,,,dehumanising russians,
хуйло,,0.5,0.5,,,,dehumanising russians,
эрефия/ерефiя,,1,,,,,dehumanising russians,
эрэфия,,1,,,,,dehumanising russians,
гасить,1,1,0,0,1,1,killing euphemism,А наші хлопці гасять москалів!
дать прикурить,0,0,0,0,0,1,killing euphemism,"⚡️⚡️⚡️ВСУ дали прикурить русским в Сумах, город под нашим контролем."
ебашить,0,1,0,0,0,1,killing euphemism,"Буду ебашить русню до последнего, сука, подиху"
зачистить,1,0,0,0,1,1,killing euphemism,Тероборона зачищають місто від ворога.
закончить,0,1,0,0,1,1,killing euphemism,"⚡️Я прошу руководство страны, Верховного Главнокомандующего Вооруженными силами России Владимира Путина дать всем спецподразделениям соответствующий приказ, чтобы они смогли закончить с нацистами и, конечно, с террористами, которые убивали в Чеченской Республике наших женщин, стариков, детей — Кадыров. "
заминусовать / задвухсотить,0,1,0,0,1,1,killing euphemism,"Засекли кучу мужиков в военной форме с оружием, накинули туда Искандер, заминусовали несколько десятков за раз."
ликвидировать,0,1,0,0,0,1,killing euphemism,Спецназ ликвидировал основные силы националистических формирований на позициях в жилых кварталах по периметру города. 
мінуснуть,0,1,0,0,1,1,killing euphemism,❗️Мінуснули русню в Гостомелі (Київська область). 
накрыть,0,0,0,0,0,1,killing euphemism,Харькове накрыли нацгвардейскую часть на Жуках
обезвредить/знешкодити,0,1,0,0,0,1,killing euphemism,Завдяки вашій інформації та геолокації ворога ЗСУ зможе знешкодити його якнайшвидше.
обнулить,0,1,0,0,1,1,killing euphemism," В итоге он прожил там дней 5. На одном из боевых дежурств его обнулил снайпер нашей роты Саня ""Араб"" и отжал у него крутую оптику."
отработать,1,1,0,0,1,1,killing euphemism,Спецназ МВД ДНР отрабатывает укров. 
отрправить к Бандере,0,1,0,1,0,1,killing euphemism,"Под натиском опытных бойцов бандиты либо отправляются к Бандере, либо сверкают промазоленными пятками."
перемолоть,1,1,0,0,1,1,killing euphemism,Ми «перемололи» третину війська противника. 
поджарить,1,1,0,0,0,1,killing euphemism,"‼️🔥«Змей Горыныч» УР-77 испепеляет опорный пункт ВСУ в Рубежном

Самоходная реактивная установка предназначена для быстрого разминирования  территорий и создания проходов в противотанковых минных полях во время боя, однако может применяться и для поджаривания уничтожения противника.
t.me/RVvoenkor"
покрошить,1,1,0,0,1,1,killing euphemism," Кадыровцы выгоняли людей из хат, крали все что видели, потом наши их покрошили"
потери личного состава,0,0,0,0,1,0,killing euphemism,"💪Загальні втрати ворога станом на ранок 16 квітня:
  
▪️Близько 20100 особового складу  "
прижмурить,0,1,0,0,0,1,killing euphemism,"В боях под Гостомелем погиб ""культовый"" военнослужащий ВСУ, командир снайперской роты (странная должность, но это Украина) 79 воздушно-десантной бригады, герой Украины Валерий Чибинеев. Это не нацик. Поэтому именно погиб, а не ""прижмурили"""
приземлить,0.5,1,0,0,1,1,killing euphemism,"Так, доблесна українська армія «приземлила»: 
генерал-майора …, …"
приуныть,0,1,0,0,0,1,killing euphemism,"Российский стартапер и инстаграмщик из Питера, который приехал повоевать в Украину и доехать в Киев ""мочить укропов"" приуныл. Он воевал под Попасной."
работать по,0,1,0,0,0.5,0,killing euphemism,По позициям ВСУ работали российские РСЗО «Смерч».
разгонять,0,0,0,0,0,1,killing euphemism,В Херсоне разгоняют бандеровский мусор.
списать,1,1,0,0,1,1,killing euphemism,🇺🇦🏴‍☠️Зеленский признал - тысячи ВСУшников и нацистов в Мариуполе списаны ☠️
уничтожить / знищить,0,1,0,0,0,1,killing euphemism," Таких съёмок с места боевых действий с уничтоженными бандеровцами очень много, но я не хочу уподобляться нацикам и публиковать подобное регулярно. // Як і раніше, чат-бот також приймає повідомлення про позиції ворога для їхнього знищення!"
утилизировать,1,1,0,0,1,1,killing euphemism,Утилизирован очередной бандеровец 
ушатать,0,1,0,0,0,0,killing euphemism,Сегодня из пзрк ушатали ещё 2 воздушных цели парашки
хуярить,0,1,0,0,0,1,killing euphemism,"""Раньше запрещали даже смотреть в сторону гражданских. А сейчас разрешили стрелять. Всех х...ярить разрешили: женщин, детей, всех"""
потрепать,0,1,0,0,1,1,killing euphemism,Ранее эта группировка была многократно потрепана ударами нашей авиации и артиллерии.